,instance,max_time,postprocessing,version,num_reads,num_feasible,num_optimal,number_of_jobs,number_of_tasks,max_task_time,mean_task_time,heuristic,optimal,energy_best,result_best,chain_break_method,chain_strength,post_processing_overhead_time,qpu_access_overhead_time,qpu_access_time,qpu_anneal_time_per_sample,qpu_delay_time_per_sample,qpu_programming_time,qpu_readout_time_per_sample,qpu_sampling_time,total_post_processing_time,is_cut_out,window_size,window_start,is_squashed
0,ft03.txt,9,True,pyqubo,984,109,18,3,9,2,1.5555555555555556,False,7,0.1640625,7.0,,,,,,,,,,,,,,,
1,ft03.txt,9,True,pyqubo,993,55,9,3,9,2,1.5555555555555556,False,7,0.1640625,7.0,,,,,,,,,,,,,,,
2,ft03.txt,8,True,pyqubo,824,3,3,3,9,2,1.5555555555555556,False,7,1.15625,7.0,,,,,,,,,,,,,,,
3,ft03.txt,8,True,pyqubo,896,34,34,3,9,2,1.5555555555555556,False,7,0.65625,7.0,,,,,,,,,,,,,,,
4,ft03.txt,8,True,csp,907,250,11,3,9,2,1.5555555555555556,False,7,2.156251438840144,7.0,,,,,,,,,,,,,,,
5,ft03.txt,8,True,csp,971,278,42,3,9,2,1.5555555555555556,False,7,2.1562514388403144,7.0,,,,,,,,,,,,,,,
6,ft03.txt,8,True,csp,965,455,148,3,9,2,1.5555555555555556,False,7,0.6562513994198582,7.0,,,,,,,,,,,,,,,
7,ft03.txt,9,True,csp,999,340,3,3,9,2,1.5555555555555556,False,7,0.5390647863757749,7.0,,,,,,,,,,,,,,,
8,ft03.txt,8,True,csp,903,534,9,3,9,2,1.5555555555555556,False,7,0.6562513994198582,7.0,,,,,,,,,,,,,,,
9,ft03.txt,8,True,csp,982,510,57,3,9,2,1.5555555555555556,False,7,0.6562513994198866,7.0,,,,,,,,,,,,,,,
10,ft03.txt,8,True,csp,910,238,69,3,9,2,1.5555555555555556,False,7,0.6562514782603728,7.0,,,,,,,,,,,,,,,
11,ft03.txt,9,True,csp,995,190,2,3,9,2,1.5555555555555556,False,7,0.6328148060858894,7.0,,,,,,,,,,,,,,,
12,ft03.txt,8,True,csp,978,347,53,3,9,2,1.5555555555555556,False,7,0.6562513994198582,7.0,,,,,,,,,,,,,,,
13,ft03.txt,8,True,csp,957,225,63,3,9,2,1.5555555555555556,False,7,0.6562513994198298,7.0,,,,,,,,,,,,,,,
14,ft03.txt,8,True,pyqubo,902,9,9,3,9,2,1.5555555555555556,False,7,0.65625,7.0,,,,,,,,,,,,,,,
15,ft03.txt,8,True,pyqubo,826,28,28,3,9,2,1.5555555555555556,False,7,0.65625,7.0,,,,,,,,,,,,,,,
16,ft03.txt,9,True,pyqubo,984,68,1,3,9,2,1.5555555555555556,False,7,0.2578125,7.0,,,,,,,,,,,,,,,
17,ft03.txt,9,True,pyqubo,969,125,7,3,9,2,1.5555555555555556,False,7,0.1640625,7.0,,,,,,,,,,,,,,,
18,ft03.txt,9,True,pyqubo,986,163,5,3,9,2,1.5555555555555556,False,7,0.1640625,7.0,,,,,,,,,,,,,,,
19,ft03.txt,9,True,pyqubo,984,125,10,3,9,2,1.5555555555555556,False,7,0.1640625,7.0,,,,,,,,,,,,,,,
20,ft03.txt,9,True,pyqubo,991,59,2,3,9,2,1.5555555555555556,False,7,0.1640625,7.0,,,,,,,,,,,,,,,
21,ft03.txt,8,True,pyqubo,746,42,42,3,9,2,1.5555555555555556,False,7,0.65625,7.0,,,,,,,,,,,,,,,
22,ft03.txt,8,True,pyqubo,972,9,9,3,9,2,1.5555555555555556,False,7,0.65625,7.0,,,,,,,,,,,,,,,
23,ft03.txt,9,True,pyqubo,9202,360,3,3,9,2,1.5555555555555556,False,7,0.1640625,7.0,,,,,,,,,,,,,,,
24,ft03.txt,8,True,pyqubo,6215,6,6,3,9,2,1.5555555555555556,False,7,0.65625,7.0,,,,,,,,,,,,,,,
25,ft03.txt,7,True,pyqubo,2372,0,0,3,9,2,1.5555555555555556,False,7,1.625,,,,,,,,,,,,,,,,
26,ft03.txt,9,True,pyqubo,9144,147,1,3,9,2,1.5555555555555556,False,7,0.2578125,7.0,,,,,,,,,,,,,,,
27,ft03.txt,8,True,pyqubo,6106,7,7,3,9,2,1.5555555555555556,False,7,0.65625,7.0,,,,,,,,,,,,,,,
28,ft03.txt,8,True,pyqubo,6286,7,7,3,9,2,1.5555555555555556,False,7,0.65625,7.0,,,,,,,,,,,,,,,
29,ft03.txt,9,False,pyqubo,10000,222,5,3,9,2,1.5555555555555556,False,7,0.1640625,7.0,majority_vote,1.874716853620834,2768.0,31921.0,2452056.0,20.0,21.0,11056.0,204.0,2441000.0,18964.0,,,,
30,ft03.txt,9,False,pyqubo,10000,264,8,3,9,2,1.5555555555555556,False,7,0.1640625,7.0,majority_vote,1.874716853620834,4771.0,29319.0,2448480.0,20.0,21.0,11080.0,203.0,2437400.0,17030.0,,,,
31,,4,False,pyqubo,1000,0,0,1,2,3,2.0,True,0,1.0,,majority_vote,1.0,845.0,1018.0,249631.0,20.0,21.0,10691.0,198.0,238940.0,845.0,1.0,5.0,46.0,
32,,4,False,pyqubo,1000,0,0,1,2,3,2.0,True,0,1.0,,majority_vote,1.0,389.0,1386.0,249626.0,20.0,21.0,10686.0,198.0,238940.0,389.0,1.0,5.0,9.0,
33,,4,False,pyqubo,1000,0,0,1,2,3,2.0,True,0,1.0,,majority_vote,1.0,1988.0,1106.0,249626.0,20.0,21.0,10686.0,198.0,238940.0,1988.0,1.0,5.0,53.0,
34,,4,False,pyqubo,1000,0,0,1,2,3,2.0,True,0,1.0,,majority_vote,1.0,1805.0,2025.0,249620.0,20.0,21.0,10680.0,198.0,238940.0,1805.0,1.0,5.0,41.0,
35,,4,False,pyqubo,1000,0,0,1,2,3,2.0,True,0,1.0,,majority_vote,1.0,1344.0,1633.0,249620.0,20.0,21.0,10680.0,198.0,238940.0,1344.0,1.0,5.0,49.0,
36,,4,False,pyqubo,1000,0,0,1,2,3,2.0,True,0,1.0,,majority_vote,1.0,167.0,1356.0,249631.0,20.0,21.0,10691.0,198.0,238940.0,167.0,1.0,5.0,35.0,
37,,4,False,pyqubo,1000,0,0,1,2,3,2.0,True,0,1.0,,majority_vote,1.0,400.0,1124.0,249621.0,20.0,21.0,10681.0,198.0,238940.0,400.0,1.0,5.0,10.0,
38,,4,False,pyqubo,1000,0,0,1,2,3,2.0,True,0,1.0,,majority_vote,1.0,1717.0,1581.0,249631.0,20.0,21.0,10691.0,198.0,238940.0,1717.0,1.0,5.0,5.0,
39,,4,False,pyqubo,1000,0,0,1,2,3,2.0,True,0,1.0,,majority_vote,1.0,473.0,1302.0,249621.0,20.0,21.0,10681.0,198.0,238940.0,473.0,1.0,5.0,22.0,
40,,4,False,pyqubo,1000,0,0,1,2,3,2.0,True,0,1.0,,majority_vote,1.0,1919.0,1122.0,253841.0,20.0,21.0,10681.0,203.0,243160.0,1919.0,1.0,5.0,48.0,
41,,4,False,pyqubo,1000,0,0,1,2,3,2.0,True,0,1.0,,majority_vote,1.0,729.0,1130.0,249621.0,20.0,21.0,10681.0,198.0,238940.0,729.0,1.0,5.0,31.0,
42,,4,False,pyqubo,1000,0,0,1,2,3,2.0,True,0,1.0,,majority_vote,1.0,545.0,2181.0,249621.0,20.0,21.0,10681.0,198.0,238940.0,545.0,1.0,5.0,11.0,
43,,4,False,pyqubo,1000,0,0,1,2,3,2.0,True,0,1.0,,majority_vote,1.0,366.0,1378.0,249630.0,20.0,21.0,10690.0,198.0,238940.0,366.0,1.0,5.0,17.0,
44,,4,False,pyqubo,1000,0,0,1,2,3,2.0,True,0,1.0,,majority_vote,1.0,211.0,2193.0,249621.0,20.0,21.0,10681.0,198.0,238940.0,211.0,1.0,5.0,51.0,
45,,4,False,pyqubo,1000,0,0,1,2,3,2.0,True,0,1.0,,majority_vote,1.0,979.0,1319.0,249630.0,20.0,21.0,10690.0,198.0,238940.0,979.0,1.0,5.0,43.0,
46,,4,False,pyqubo,1000,0,0,1,2,3,2.0,True,0,1.0,,majority_vote,1.0,360.0,1376.0,249621.0,20.0,21.0,10681.0,198.0,238940.0,360.0,1.0,5.0,46.0,
47,,4,False,pyqubo,1000,0,0,1,2,3,2.0,True,0,1.0,,majority_vote,1.0,692.0,1479.0,249621.0,20.0,21.0,10681.0,198.0,238940.0,692.0,1.0,5.0,25.0,
48,,4,False,pyqubo,1000,0,0,1,2,3,2.0,True,0,1.0,,majority_vote,1.0,432.0,2204.0,249620.0,20.0,21.0,10680.0,198.0,238940.0,432.0,1.0,5.0,20.0,
49,,4,False,pyqubo,1000,0,0,1,2,3,2.0,True,0,1.0,,majority_vote,1.0,712.0,1418.0,249621.0,20.0,21.0,10681.0,198.0,238940.0,712.0,1.0,5.0,42.0,
50,,4,False,pyqubo,1000,0,0,1,2,3,2.0,True,0,1.0,,majority_vote,1.0,453.0,1230.0,249621.0,20.0,21.0,10681.0,198.0,238940.0,453.0,1.0,5.0,9.0,
51,,4,False,pyqubo,1000,0,0,1,2,3,2.0,True,0,1.0,,majority_vote,1.0,549.0,1408.0,249621.0,20.0,21.0,10681.0,198.0,238940.0,549.0,1.0,5.0,44.0,
52,,4,False,pyqubo,1000,0,0,1,2,3,2.0,True,0,1.0,,majority_vote,1.0,725.0,2187.0,249631.0,20.0,21.0,10691.0,198.0,238940.0,725.0,1.0,5.0,21.0,
53,,4,False,pyqubo,1000,0,0,1,2,3,2.0,True,0,1.0,,majority_vote,1.0,1996.0,1372.0,249621.0,20.0,21.0,10681.0,198.0,238940.0,1996.0,1.0,5.0,14.0,
54,,4,False,pyqubo,1000,0,0,1,2,3,2.0,True,0,1.0,,majority_vote,1.0,390.0,1624.0,249622.0,20.0,21.0,10682.0,198.0,238940.0,390.0,1.0,5.0,0.0,
55,,4,False,pyqubo,1000,0,0,1,2,3,2.0,True,0,1.0,,majority_vote,1.0,1874.0,1210.0,249621.0,20.0,21.0,10681.0,198.0,238940.0,1874.0,1.0,5.0,50.0,
56,,4,False,pyqubo,1000,0,0,1,2,3,2.0,True,0,1.0,,majority_vote,1.0,409.0,2182.0,249630.0,20.0,21.0,10690.0,198.0,238940.0,409.0,1.0,5.0,54.0,
57,,4,False,pyqubo,1000,0,0,1,2,3,2.0,True,0,1.0,,majority_vote,1.0,3907.0,1345.0,249621.0,20.0,21.0,10681.0,198.0,238940.0,3907.0,1.0,5.0,19.0,
58,,4,False,pyqubo,1000,0,0,1,2,3,2.0,True,0,1.0,,majority_vote,1.0,890.0,2440.0,249621.0,20.0,21.0,10681.0,198.0,238940.0,890.0,1.0,5.0,12.0,
59,,4,False,pyqubo,1000,0,0,1,2,3,2.0,True,0,1.0,,majority_vote,1.0,527.0,1274.0,249630.0,20.0,21.0,10690.0,198.0,238940.0,527.0,1.0,5.0,4.0,
60,,4,False,pyqubo,1000,0,0,1,2,3,2.0,True,0,1.0,,majority_vote,1.0,1398.0,1026.0,249621.0,20.0,21.0,10681.0,198.0,238940.0,1398.0,1.0,5.0,23.0,
61,,4,False,pyqubo,1000,0,0,1,2,3,2.0,True,0,1.0,,majority_vote,1.0,162.0,1312.0,249621.0,20.0,21.0,10681.0,198.0,238940.0,162.0,1.0,5.0,16.0,
62,,4,False,pyqubo,1000,0,0,1,2,3,2.0,True,0,1.0,,majority_vote,1.0,490.0,2368.0,249621.0,20.0,21.0,10681.0,198.0,238940.0,490.0,1.0,5.0,24.0,
63,,4,False,pyqubo,1000,0,0,1,2,3,2.0,True,0,1.0,,majority_vote,1.0,704.0,1308.0,249631.0,20.0,21.0,10691.0,198.0,238940.0,704.0,1.0,5.0,33.0,
64,,4,False,pyqubo,1000,0,0,1,2,3,2.0,True,0,1.0,,majority_vote,1.0,1230.0,1464.0,249631.0,20.0,21.0,10691.0,198.0,238940.0,1230.0,1.0,5.0,45.0,
65,,4,False,pyqubo,1000,0,0,1,2,3,2.0,True,0,1.0,,majority_vote,1.0,518.0,2179.0,249631.0,20.0,21.0,10691.0,198.0,238940.0,518.0,1.0,5.0,38.0,
66,,4,False,pyqubo,1000,0,0,1,2,3,2.0,True,0,1.0,,majority_vote,1.0,1329.0,1073.0,249626.0,20.0,21.0,10686.0,198.0,238940.0,1329.0,1.0,5.0,30.0,
67,,4,False,pyqubo,1000,0,0,1,2,3,2.0,True,0,1.0,,majority_vote,1.0,181.0,1435.0,249626.0,20.0,21.0,10686.0,198.0,238940.0,181.0,1.0,5.0,34.0,
68,,4,False,pyqubo,1000,0,0,1,2,3,2.0,True,0,1.0,,majority_vote,1.0,323.0,1333.0,249620.0,20.0,21.0,10680.0,198.0,238940.0,323.0,1.0,5.0,8.0,
69,,4,False,pyqubo,1000,0,0,1,2,3,2.0,True,0,1.0,,majority_vote,1.0,486.0,1176.0,249624.0,20.0,21.0,10684.0,198.0,238940.0,486.0,1.0,5.0,28.0,
70,,4,False,pyqubo,1000,0,0,1,2,3,2.0,True,0,1.0,,majority_vote,1.0,577.0,5034.0,249621.0,20.0,21.0,10681.0,198.0,238940.0,577.0,1.0,5.0,7.0,
71,,4,False,pyqubo,1000,0,0,1,2,3,2.0,True,0,1.0,,majority_vote,1.0,693.0,1268.0,249626.0,20.0,21.0,10686.0,198.0,238940.0,693.0,1.0,5.0,32.0,
72,,7,False,pyqubo,1000,150,0,4,7,3,1.8571428571428568,True,0,0.1766399999999999,5.0,majority_vote,1.5169143078108858,756.0,3668.0,249832.0,20.0,21.0,10891.0,198.0,238940.0,756.0,1.0,5.0,3.0,
73,,7,False,pyqubo,1000,162,0,4,7,3,1.8571428571428568,True,0,0.1766399999999999,5.0,majority_vote,1.5169143078108858,2358.0,1992.0,249777.0,20.0,21.0,10837.0,198.0,238940.0,2358.0,1.0,5.0,18.0,
74,,7,False,pyqubo,1000,145,0,4,7,3,1.8571428571428568,True,0,0.1766399999999999,5.0,majority_vote,1.5169143078108858,791.0,4518.0,253958.0,20.0,21.0,10858.0,203.0,243100.0,791.0,1.0,5.0,15.0,
75,,7,False,pyqubo,1000,141,0,4,7,3,1.8571428571428568,True,0,0.1766399999999999,5.0,majority_vote,1.5169143078108858,781.0,4257.0,253382.0,20.0,21.0,10862.0,202.0,242520.0,781.0,1.0,5.0,9.0,
76,,5,False,pyqubo,1000,0,0,4,7,3,1.8571428571428568,True,0,2.4160000000000004,,majority_vote,1.1783333333333332,705.0,1941.0,254876.0,20.0,21.0,10776.0,204.0,244100.0,705.0,1.0,5.0,16.0,
77,,7,False,pyqubo,1000,165,0,4,7,3,1.8571428571428568,True,0,0.1766399999999999,5.0,majority_vote,1.5169143078108858,4223.0,3460.0,249798.0,20.0,21.0,10858.0,198.0,238940.0,4223.0,1.0,5.0,0.0,
78,,7,False,pyqubo,1000,144,0,4,7,3,1.8571428571428568,True,0,0.1766399999999999,5.0,majority_vote,1.5169143078108858,718.0,4658.0,249806.0,20.0,21.0,10866.0,198.0,238940.0,718.0,1.0,5.0,2.0,
79,,7,False,pyqubo,1000,144,0,4,7,3,1.8571428571428568,True,0,0.1766399999999999,5.0,majority_vote,1.5169143078108858,838.0,5248.0,253706.0,20.0,21.0,10886.0,202.0,242820.0,838.0,1.0,5.0,5.0,
80,,5,False,pyqubo,1000,0,0,4,7,3,1.8571428571428568,True,0,2.4160000000000004,,majority_vote,1.1783333333333332,496.0,3054.0,254841.0,20.0,21.0,10781.0,204.0,244060.0,496.0,1.0,5.0,12.0,
81,,7,False,pyqubo,1000,140,0,4,7,3,1.8571428571428568,True,0,0.1766399999999999,5.0,majority_vote,1.5169143078108858,694.0,3326.0,254616.0,20.0,21.0,10836.0,203.0,243780.0,694.0,1.0,5.0,4.0,
82,,7,False,pyqubo,1000,130,0,4,7,3,1.8571428571428568,True,0,0.1766399999999999,5.0,majority_vote,1.5169143078108858,815.0,4515.0,249791.0,20.0,21.0,10851.0,198.0,238940.0,815.0,1.0,5.0,6.0,
83,,6,False,pyqubo,1000,13,0,4,7,3,1.8571428571428568,True,0,0.8832000000000004,5.0,majority_vote,1.3690996128843218,499.0,2712.0,253960.0,20.0,21.0,10860.0,203.0,243100.0,499.0,1.0,5.0,11.0,
84,,7,False,pyqubo,1000,161,0,4,7,3,1.8571428571428568,True,0,0.1766399999999999,5.0,majority_vote,1.5169143078108858,473.0,4496.0,249810.0,20.0,21.0,10870.0,198.0,238940.0,473.0,1.0,5.0,8.0,
85,,7,False,pyqubo,1000,141,0,4,7,3,1.8571428571428568,True,0,0.1766399999999999,5.0,majority_vote,1.5169143078108858,810.0,3642.0,253666.0,20.0,21.0,10846.0,202.0,242820.0,810.0,1.0,5.0,14.0,
86,,5,False,pyqubo,1000,0,0,4,7,3,1.8571428571428568,True,0,2.4160000000000004,,majority_vote,1.1783333333333332,1131.0,2586.0,249722.0,20.0,21.0,10781.0,198.0,238940.0,1131.0,1.0,5.0,1.0,
87,,7,False,pyqubo,1000,142,0,4,7,3,1.8571428571428568,True,0,0.1766399999999999,5.0,majority_vote,1.5169143078108858,758.0,4192.0,255310.0,20.0,21.0,10870.0,204.0,244440.0,758.0,1.0,5.0,17.0,
88,,7,False,pyqubo,1000,147,0,4,7,3,1.8571428571428568,True,0,0.1766399999999999,5.0,majority_vote,1.5169143078108858,683.0,2562.0,249798.0,20.0,21.0,10858.0,198.0,238940.0,683.0,1.0,5.0,7.0,
89,,7,False,pyqubo,1000,130,0,4,7,3,1.8571428571428568,True,0,0.1766399999999999,5.0,majority_vote,1.5169143078108858,749.0,3414.0,253936.0,20.0,21.0,10836.0,203.0,243100.0,749.0,1.0,5.0,13.0,
90,,5,False,pyqubo,1000,0,0,4,7,3,1.8571428571428568,True,0,2.4160000000000004,,majority_vote,1.1783333333333332,1500.0,4562.0,253848.0,20.0,21.0,10748.0,203.0,243100.0,1500.0,1.0,5.0,10.0,
91,,5,False,pyqubo,1000,0,0,6,7,3,2.0,True,0,2.333194502290712,,majority_vote,1.3312369845714582,731.0,2543.0,249720.0,20.0,21.0,10780.0,198.0,238940.0,731.0,1.0,5.0,7.0,
92,,7,False,pyqubo,1000,452,0,6,7,3,2.0,True,0,0.0885345391801042,5.0,majority_vote,1.6684966994606585,725.0,4691.0,249906.0,20.0,21.0,10966.0,198.0,238940.0,725.0,1.0,5.0,6.0,
93,,4,False,pyqubo,1000,0,0,5,5,3,2.0,True,0,2.166666666666667,,majority_vote,0.976860881506769,547.0,2983.0,249666.0,20.0,21.0,10726.0,198.0,238940.0,547.0,1.0,5.0,13.0,
94,,4,False,pyqubo,1000,0,0,5,5,3,2.0,True,0,2.166666666666667,,majority_vote,0.976860881506769,651.0,2582.0,249696.0,20.0,21.0,10755.0,198.0,238940.0,651.0,1.0,5.0,3.0,
95,,4,False,pyqubo,1000,0,0,5,5,3,2.0,True,0,2.166666666666667,,majority_vote,0.976860881506769,583.0,2303.0,249698.0,20.0,21.0,10758.0,198.0,238940.0,583.0,1.0,5.0,8.0,
96,,4,False,pyqubo,1000,0,0,5,5,3,2.0,True,0,2.166666666666667,,majority_vote,0.976860881506769,481.0,5363.0,249665.0,20.0,21.0,10725.0,198.0,238940.0,481.0,1.0,5.0,17.0,
97,,4,False,pyqubo,1000,0,0,5,5,3,2.0,True,0,2.166666666666667,,majority_vote,0.976860881506769,482.0,4312.0,249708.0,20.0,21.0,10768.0,198.0,238940.0,482.0,1.0,5.0,0.0,
98,,4,False,pyqubo,1000,0,0,5,5,3,2.0,True,0,2.166666666666667,,majority_vote,0.976860881506769,630.0,2178.0,254824.0,20.0,21.0,10723.0,204.0,244100.0,630.0,1.0,5.0,1.0,
99,,4,False,pyqubo,1000,0,0,5,5,3,2.0,True,0,2.166666666666667,,majority_vote,0.976860881506769,1638.0,3802.0,249666.0,20.0,21.0,10726.0,198.0,238940.0,1638.0,1.0,5.0,10.0,
100,,4,False,pyqubo,1000,0,0,5,5,3,2.0,True,0,2.166666666666667,,majority_vote,0.976860881506769,468.0,3970.0,249670.0,20.0,21.0,10730.0,198.0,238940.0,468.0,1.0,5.0,4.0,
101,,4,False,pyqubo,1000,0,0,5,5,3,2.0,True,0,2.166666666666667,,majority_vote,0.976860881506769,471.0,2812.0,249675.0,20.0,21.0,10735.0,198.0,238940.0,471.0,1.0,5.0,2.0,
102,,4,False,pyqubo,1000,0,0,5,5,3,2.0,True,0,2.166666666666667,,majority_vote,0.976860881506769,514.0,3545.0,249699.0,20.0,21.0,10759.0,198.0,238940.0,514.0,1.0,5.0,11.0,
103,,4,False,pyqubo,1000,0,0,5,5,3,2.0,True,0,2.166666666666667,,majority_vote,0.976860881506769,623.0,2230.0,251858.0,20.0,21.0,10758.0,201.0,241100.0,623.0,1.0,5.0,5.0,
104,,4,False,pyqubo,1000,0,0,5,5,3,2.0,True,0,2.166666666666667,,majority_vote,0.976860881506769,444.0,1894.0,249668.0,20.0,21.0,10728.0,198.0,238940.0,444.0,1.0,5.0,16.0,
105,,4,False,pyqubo,1000,0,0,5,5,3,2.0,True,0,2.166666666666667,,majority_vote,0.976860881506769,733.0,2297.0,249695.0,20.0,21.0,10755.0,198.0,238940.0,733.0,1.0,5.0,14.0,
106,,4,False,pyqubo,1000,0,0,5,5,3,2.0,True,0,2.166666666666667,,majority_vote,0.976860881506769,568.0,2750.0,254785.0,20.0,21.0,10725.0,204.0,244060.0,568.0,1.0,5.0,9.0,
107,,4,False,pyqubo,1000,0,0,5,5,3,2.0,True,0,2.166666666666667,,majority_vote,0.976860881506769,881.0,1777.0,254837.0,20.0,21.0,10757.0,204.0,244080.0,881.0,1.0,5.0,18.0,
108,,4,False,pyqubo,1000,0,0,5,5,3,2.0,True,0,2.166666666666667,,majority_vote,0.976860881506769,3667.0,1798.0,252890.0,20.0,21.0,10730.0,202.0,242160.0,3667.0,1.0,5.0,12.0,
109,,4,False,pyqubo,1000,0,0,5,5,3,2.0,True,0,2.166666666666667,,majority_vote,0.976860881506769,455.0,1511.0,249697.0,20.0,21.0,10757.0,198.0,238940.0,455.0,1.0,5.0,15.0,
110,,5,False,pyqubo,1000,2,0,4,6,3,1.8333333333333333,True,0,1.816,5.0,majority_vote,1.2525855149338996,2135.0,1968.0,249701.0,20.0,21.0,10761.0,198.0,238940.0,2135.0,1.0,5.0,13.0,
111,,5,False,pyqubo,1000,2,0,4,6,3,1.8333333333333333,True,0,1.816,5.0,majority_vote,1.2525855149338996,3845.0,1942.0,249724.0,20.0,21.0,10783.0,198.0,238940.0,3845.0,1.0,5.0,3.0,
112,,5,False,pyqubo,1000,0,0,4,6,3,1.8333333333333333,True,0,1.816,,majority_vote,1.2525855149338996,670.0,2257.0,249702.0,20.0,21.0,10762.0,198.0,238940.0,670.0,1.0,5.0,17.0,
113,,5,False,pyqubo,1000,1,0,4,6,3,1.8333333333333333,True,0,1.816,5.0,majority_vote,1.2525855149338996,594.0,2148.0,254262.0,20.0,21.0,10801.0,203.0,243460.0,594.0,1.0,5.0,14.0,
114,,5,False,pyqubo,1000,0,0,4,6,3,1.8333333333333333,True,0,1.816,,majority_vote,1.2525855149338996,514.0,2069.0,249700.0,20.0,21.0,10760.0,198.0,238940.0,514.0,1.0,5.0,6.0,
115,,5,False,pyqubo,1000,2,0,4,6,3,1.8333333333333333,True,0,1.816,5.0,majority_vote,1.2525855149338996,755.0,1863.0,254833.0,20.0,21.0,10773.0,204.0,244060.0,755.0,1.0,5.0,16.0,
116,,5,False,pyqubo,1000,2,0,4,6,3,1.8333333333333333,True,0,1.816,5.0,majority_vote,1.2525855149338996,262.0,2564.0,253236.0,20.0,21.0,10776.0,202.0,242460.0,262.0,1.0,5.0,0.0,
117,,5,False,pyqubo,1000,1,0,4,6,3,1.8333333333333333,True,0,1.816,5.0,majority_vote,1.2525855149338996,596.0,1690.0,249708.0,20.0,21.0,10768.0,198.0,238940.0,596.0,1.0,5.0,19.0,
118,,5,False,pyqubo,1000,2,0,4,6,3,1.8333333333333333,True,0,1.816,5.0,majority_vote,1.2525855149338996,3800.0,2164.0,249693.0,20.0,21.0,10753.0,198.0,238940.0,3800.0,1.0,5.0,4.0,
119,,5,False,pyqubo,1000,0,0,4,6,3,1.8333333333333333,True,0,1.816,,majority_vote,1.2525855149338996,697.0,3006.0,249721.0,20.0,21.0,10781.0,198.0,238940.0,697.0,1.0,5.0,11.0,
120,,5,False,pyqubo,1000,3,0,4,6,3,1.8333333333333333,True,0,1.816,5.0,majority_vote,1.2525855149338996,647.0,2042.0,249690.0,20.0,21.0,10750.0,198.0,238940.0,647.0,1.0,5.0,5.0,
121,,5,False,pyqubo,1000,2,0,4,6,3,1.8333333333333333,True,0,1.816,5.0,majority_vote,1.2525855149338996,526.0,2959.0,249706.0,20.0,21.0,10766.0,198.0,238940.0,526.0,1.0,5.0,10.0,
122,,5,False,pyqubo,1000,3,0,4,6,3,1.8333333333333333,True,0,1.816,5.0,majority_vote,1.2525855149338996,824.0,1722.0,250935.0,20.0,21.0,10775.0,200.0,240160.0,824.0,1.0,5.0,15.0,
123,,5,False,pyqubo,1000,1,0,4,6,3,1.8333333333333333,True,0,1.816,5.0,majority_vote,1.2525855149338996,1326.0,1580.0,249744.0,20.0,21.0,10804.0,198.0,238940.0,1326.0,1.0,5.0,12.0,
124,,5,False,pyqubo,1000,1,0,4,6,3,1.8333333333333333,True,0,1.816,5.0,majority_vote,1.2525855149338996,783.0,2342.0,249706.0,20.0,21.0,10766.0,198.0,238940.0,783.0,1.0,5.0,18.0,
125,,5,False,pyqubo,1000,3,0,4,6,3,1.8333333333333333,True,0,1.816,5.0,majority_vote,1.2525855149338996,547.0,1872.0,253598.0,20.0,21.0,10778.0,202.0,242820.0,547.0,1.0,5.0,2.0,
126,,5,False,pyqubo,1000,1,0,4,6,3,1.8333333333333333,True,0,1.816,5.0,majority_vote,1.2525855149338996,1350.0,3782.0,249763.0,20.0,21.0,10823.0,198.0,238940.0,1350.0,1.0,5.0,8.0,
127,,5,False,pyqubo,1000,2,0,4,6,3,1.8333333333333333,True,0,1.816,5.0,majority_vote,1.2525855149338996,958.0,1639.0,249707.0,20.0,21.0,10767.0,198.0,238940.0,958.0,1.0,5.0,9.0,
128,,5,False,pyqubo,1000,2,0,4,6,3,1.8333333333333333,True,0,1.816,5.0,majority_vote,1.2525855149338996,1447.0,2051.0,249715.0,20.0,21.0,10775.0,198.0,238940.0,1447.0,1.0,5.0,1.0,
129,,5,False,pyqubo,1000,1,0,4,6,3,1.8333333333333333,True,0,1.816,5.0,majority_vote,1.2525855149338996,563.0,2844.0,251548.0,20.0,21.0,10768.0,200.0,240780.0,563.0,1.0,5.0,7.0,
130,,5,False,pyqubo,1000,0,0,5,6,3,1.6666666666666667,True,0,2.1203703703703702,,majority_vote,1.1817939379454887,2082.0,2275.0,249699.0,20.0,21.0,10759.0,198.0,238940.0,2082.0,1.0,5.0,0.0,
131,,5,False,pyqubo,1000,0,0,5,6,3,1.6666666666666667,True,0,2.1203703703703702,,majority_vote,1.1817939379454887,1955.0,2043.0,249717.0,20.0,21.0,10777.0,198.0,238940.0,1955.0,1.0,5.0,2.0,
132,,4,False,pyqubo,1000,0,0,5,6,3,1.6666666666666667,True,0,2.7222222222222223,,majority_vote,0.9680996203903812,939.0,2200.0,253189.0,20.0,21.0,10729.0,202.0,242460.0,939.0,1.0,5.0,16.0,
133,,5,False,pyqubo,1000,0,0,5,6,3,1.6666666666666667,True,0,2.1203703703703702,,majority_vote,1.1817939379454887,1153.0,2425.0,249714.0,20.0,21.0,10774.0,198.0,238940.0,1153.0,1.0,5.0,4.0,
134,,5,False,pyqubo,1000,0,0,5,6,3,1.6666666666666667,True,0,2.1203703703703702,,majority_vote,1.1817939379454887,532.0,3793.0,249718.0,20.0,21.0,10778.0,198.0,238940.0,532.0,1.0,5.0,8.0,
135,,5,False,pyqubo,1000,0,0,5,6,3,1.6666666666666667,True,0,2.1203703703703702,,majority_vote,1.1817939379454887,267.0,2131.0,252924.0,20.0,21.0,10744.0,202.0,242180.0,267.0,1.0,5.0,3.0,
136,,5,False,pyqubo,1000,0,0,5,6,3,1.6666666666666667,True,0,2.1203703703703702,,majority_vote,1.1817939379454887,2351.0,2582.0,249712.0,20.0,21.0,10772.0,198.0,238940.0,2351.0,1.0,5.0,19.0,
137,,5,False,pyqubo,1000,0,0,5,6,3,1.6666666666666667,True,0,2.1203703703703702,,majority_vote,1.1817939379454887,474.0,2322.0,249700.0,20.0,21.0,10760.0,198.0,238940.0,474.0,1.0,5.0,12.0,
138,,4,False,pyqubo,1000,0,0,5,6,3,1.6666666666666667,True,0,2.7222222222222223,,majority_vote,0.9680996203903812,447.0,2401.0,254557.0,20.0,21.0,10757.0,203.0,243800.0,447.0,1.0,5.0,9.0,
139,,5,False,pyqubo,1000,1,0,5,6,3,1.6666666666666667,True,0,2.1203703703703702,5.0,majority_vote,1.1817939379454887,268.0,1781.0,250874.0,20.0,21.0,10774.0,200.0,240100.0,268.0,1.0,5.0,13.0,
140,,4,False,pyqubo,1000,0,0,5,6,3,1.6666666666666667,True,0,2.7222222222222223,,majority_vote,0.9680996203903812,495.0,1992.0,249680.0,20.0,21.0,10740.0,198.0,238940.0,495.0,1.0,5.0,5.0,
141,,5,False,pyqubo,1000,0,0,5,6,3,1.6666666666666667,True,0,2.1203703703703702,,majority_vote,1.1817939379454887,475.0,3877.0,254215.0,20.0,21.0,10775.0,203.0,243440.0,475.0,1.0,5.0,14.0,
142,,5,False,pyqubo,1000,0,0,5,6,3,1.6666666666666667,True,0,2.1203703703703702,,majority_vote,1.1817939379454887,755.0,1923.0,255127.0,20.0,21.0,10747.0,204.0,244380.0,755.0,1.0,5.0,7.0,
143,,4,False,pyqubo,1000,0,0,5,6,3,1.6666666666666667,True,0,2.7222222222222223,,majority_vote,0.9680996203903812,2023.0,1941.0,249677.0,20.0,21.0,10737.0,198.0,238940.0,2023.0,1.0,5.0,18.0,
144,,4,False,pyqubo,1000,0,0,5,6,3,1.6666666666666667,True,0,2.7222222222222223,,majority_vote,0.9680996203903812,613.0,1865.0,249690.0,20.0,21.0,10750.0,198.0,238940.0,613.0,1.0,5.0,11.0,
145,,5,False,pyqubo,1000,0,0,5,6,3,1.6666666666666667,True,0,2.1203703703703702,,majority_vote,1.1817939379454887,566.0,2599.0,249697.0,20.0,21.0,10757.0,198.0,238940.0,566.0,1.0,5.0,6.0,
146,,5,False,pyqubo,1000,0,0,5,6,3,1.6666666666666667,True,0,2.1203703703703702,,majority_vote,1.1817939379454887,636.0,1987.0,249715.0,20.0,21.0,10775.0,198.0,238940.0,636.0,1.0,5.0,17.0,
147,,4,False,pyqubo,1000,0,0,5,6,3,1.6666666666666667,True,0,2.7222222222222223,,majority_vote,0.9680996203903812,481.0,2728.0,249680.0,20.0,21.0,10740.0,198.0,238940.0,481.0,1.0,5.0,15.0,
148,,4,False,pyqubo,1000,0,0,5,6,3,1.6666666666666667,True,0,2.7222222222222223,,majority_vote,0.9680996203903812,513.0,1938.0,254220.0,20.0,21.0,10760.0,203.0,243460.0,513.0,1.0,5.0,1.0,
149,,5,False,pyqubo,1000,0,0,5,6,3,1.6666666666666667,True,0,2.1203703703703702,,majority_vote,1.1817939379454887,293.0,3006.0,249680.0,20.0,21.0,10740.0,198.0,238940.0,293.0,1.0,5.0,10.0,
150,,13,False,pyqubo,1000,0,0,6,14,3,1.9285714285714288,True,0,3.0059548084512,,majority_vote,2.312865224797356,1325.0,8353.0,255651.0,20.0,21.0,11211.0,204.0,244440.0,4280.0,1.0,8.0,13.0,
151,,14,False,pyqubo,1000,0,0,6,14,3,1.9285714285714288,True,0,3.0409360184332463,,majority_vote,2.4026671963153783,1459.0,8830.0,255686.0,20.0,21.0,11246.0,204.0,244440.0,3902.0,1.0,8.0,5.0,
152,,11,False,pyqubo,1000,0,0,6,14,3,1.9285714285714288,True,0,2.0126162204037925,,majority_vote,2.1376721634546985,432.0,6520.0,255600.0,20.0,21.0,11160.0,204.0,244440.0,2485.0,1.0,8.0,3.0,
153,,14,False,pyqubo,1000,0,0,6,14,3,1.9285714285714288,True,0,3.0058361583591857,,majority_vote,2.4026671963153783,2050.0,9969.0,255677.0,20.0,21.0,11237.0,204.0,244440.0,4652.0,1.0,8.0,0.0,
154,,11,False,pyqubo,1000,0,0,6,14,3,1.9285714285714288,True,0,1.573113972190887,,majority_vote,2.1376721634546985,2471.0,5605.0,255582.0,20.0,21.0,11142.0,204.0,244440.0,2471.0,1.0,8.0,15.0,
155,,11,False,pyqubo,1000,0,0,6,14,3,1.9285714285714288,True,0,2.286073708355241,,majority_vote,2.1376721634546985,794.0,6536.0,255612.0,20.0,21.0,11172.0,204.0,244440.0,3065.0,1.0,8.0,10.0,
156,,10,False,pyqubo,1000,0,0,6,14,3,1.9285714285714288,True,0,2.082703635390015,,majority_vote,2.016452172848296,494.0,7333.0,255576.0,20.0,21.0,11136.0,204.0,244440.0,3025.0,1.0,8.0,11.0,
157,,12,False,pyqubo,1000,0,0,6,14,3,1.9285714285714288,True,0,3.00585033204095,,majority_vote,2.2240553940568417,1203.0,7636.0,255631.0,20.0,21.0,11191.0,204.0,244440.0,3350.0,1.0,8.0,1.0,
158,,11,False,pyqubo,1000,0,0,6,14,3,1.9285714285714288,True,0,2.0124972719291243,,majority_vote,2.1376721634546985,1143.0,9061.0,255588.0,20.0,21.0,11148.0,204.0,244440.0,3288.0,1.0,8.0,14.0,
159,,11,False,pyqubo,1000,0,0,6,14,3,1.9285714285714288,True,0,2.287397604878296,,majority_vote,2.1376721634546985,962.0,7737.0,255595.0,20.0,21.0,11155.0,204.0,244440.0,3728.0,1.0,8.0,2.0,
160,,11,False,pyqubo,1000,0,0,6,14,3,1.9285714285714288,True,0,2.2876183038606683,,majority_vote,2.1376721634546985,751.0,7562.0,255606.0,20.0,21.0,11165.0,204.0,244440.0,3235.0,1.0,8.0,8.0,
161,,11,False,pyqubo,1000,0,0,6,14,3,1.9285714285714288,True,0,2.2876206828301626,,majority_vote,2.1376721634546985,856.0,7301.0,255606.0,20.0,21.0,11166.0,204.0,244440.0,3138.0,1.0,8.0,6.0,
162,,11,False,pyqubo,1000,0,0,6,14,3,1.9285714285714288,True,0,1.2925145204491884,,majority_vote,2.1376721634546985,2338.0,5774.0,255556.0,20.0,21.0,11116.0,204.0,244440.0,2338.0,1.0,8.0,12.0,
163,,14,False,pyqubo,1000,0,0,6,14,3,1.9285714285714288,True,0,2.0066833678585407,,majority_vote,2.4026671963153783,1089.0,9588.0,255651.0,20.0,21.0,11211.0,204.0,244440.0,4292.0,1.0,8.0,9.0,
164,,11,False,pyqubo,1000,0,0,6,14,3,1.9285714285714288,True,0,2.287397257945244,,majority_vote,2.1376721634546985,579.0,6848.0,255601.0,20.0,21.0,11161.0,204.0,244440.0,5817.0,1.0,8.0,4.0,
165,,11,False,pyqubo,1000,0,0,6,14,3,1.9285714285714288,True,0,2.082584984286534,,majority_vote,2.1376721634546985,398.0,6780.0,255568.0,20.0,21.0,11128.0,204.0,244440.0,2536.0,1.0,8.0,7.0,
166,,11,False,pyqubo,1000,1,0,6,15,3,2.066666666666667,True,0,1.209912536443149,10.0,majority_vote,2.1042707246997194,1108.0,6799.0,255630.0,20.0,21.0,11190.0,204.0,244440.0,3461.0,1.0,8.0,7.0,
167,,11,False,pyqubo,1000,0,0,6,15,3,2.066666666666667,True,0,1.1690962099125368,,majority_vote,2.1042707246997194,625.0,7908.0,255597.0,20.0,21.0,11157.0,204.0,244440.0,2647.0,1.0,8.0,3.0,
168,,11,False,pyqubo,1000,0,0,6,15,3,2.066666666666667,True,0,2.309870887130362,,majority_vote,2.1042707246997194,918.0,7742.0,255622.0,20.0,21.0,11182.0,204.0,244440.0,3443.0,1.0,8.0,13.0,
169,,11,False,pyqubo,1000,0,0,6,15,3,2.066666666666667,True,0,1.333330500046749,,majority_vote,2.1042707246997194,489.0,6227.0,255568.0,20.0,21.0,11128.0,204.0,244440.0,2542.0,1.0,8.0,10.0,
170,,11,False,pyqubo,1000,0,0,6,15,3,2.066666666666667,True,0,2.41411316713274,,majority_vote,2.1042707246997194,420.0,7990.0,255598.0,20.0,21.0,11158.0,204.0,244440.0,2580.0,1.0,8.0,1.0,
171,,11,False,pyqubo,1000,2,0,6,15,3,2.066666666666667,True,0,0.6189257877245034,10.0,majority_vote,2.1042707246997194,1125.0,7986.0,255601.0,20.0,21.0,11161.0,204.0,244440.0,2815.0,1.0,8.0,6.0,
172,,10,False,pyqubo,1000,75,0,6,11,3,2.090909090909091,True,0,0.0191611124130748,7.0,majority_vote,1.9494415980268929,2066.0,5859.0,251874.0,20.0,21.0,11074.0,200.0,240800.0,2066.0,1.0,8.0,0.0,
173,,9,False,pyqubo,1000,91,0,5,10,3,2.0,True,0,0.1296724965706452,7.0,majority_vote,1.7756389532525163,1086.0,6280.0,250002.0,20.0,21.0,11062.0,198.0,238940.0,1086.0,1.0,8.0,15.0,
174,,9,False,pyqubo,1000,141,0,5,9,3,2.0,True,0,0.1219207247370821,7.0,majority_vote,1.7951130290970658,995.0,3794.0,254822.0,20.0,21.0,11022.0,203.0,243800.0,995.0,1.0,8.0,12.0,
175,,7,False,pyqubo,1000,0,0,4,8,3,2.0,True,0,2.4799999999999995,,majority_vote,1.3865410754269611,848.0,2997.0,249808.0,20.0,21.0,10868.0,198.0,238940.0,848.0,1.0,8.0,9.0,
176,,9,False,pyqubo,1000,58,0,4,8,3,2.0,True,0,0.1791999999999998,7.0,majority_vote,1.8025033980550496,1547.0,5565.0,249930.0,20.0,21.0,10990.0,198.0,238940.0,1547.0,1.0,8.0,4.0,
177,,9,False,pyqubo,1000,56,0,4,8,3,2.0,True,0,0.4992000000000001,8.0,majority_vote,1.8025033980550496,963.0,4906.0,254476.0,20.0,21.0,11036.0,203.0,243440.0,963.0,1.0,8.0,11.0,
178,,9,False,pyqubo,1000,111,0,4,8,3,2.0,True,0,0.1791999999999998,7.0,majority_vote,1.8025033980550496,1013.0,3676.0,254124.0,20.0,21.0,11023.0,203.0,243100.0,1013.0,1.0,8.0,14.0,
179,,10,False,pyqubo,1000,119,0,4,8,3,2.0,True,0,0.0998399999999994,8.0,majority_vote,1.96566344270834,1631.0,5218.0,255135.0,20.0,21.0,11035.0,204.0,244100.0,1631.0,1.0,8.0,2.0,
180,,9,False,pyqubo,1000,107,0,4,8,3,2.0,True,0,0.1791999999999998,7.0,majority_vote,1.8025033980550496,1997.0,4283.0,254776.0,20.0,21.0,10996.0,203.0,243780.0,1997.0,1.0,8.0,8.0,
181,,9,False,pyqubo,1000,60,0,4,8,3,2.0,True,0,0.1791999999999998,7.0,majority_vote,1.8025033980550496,1036.0,5198.0,254504.0,20.0,21.0,11043.0,203.0,243460.0,1036.0,1.0,8.0,5.0,
182,,10,False,pyqubo,1000,9,0,6,11,3,1.818181818181818,True,0,0.3383138463929622,8.0,majority_vote,2.138991471075407,450.0,6262.0,255541.0,20.0,21.0,11101.0,204.0,244440.0,4508.0,1.0,7.0,12.0,
183,,9,False,pyqubo,1000,19,0,6,9,3,1.7777777777777777,True,0,0.3275020247880196,8.0,majority_vote,2.1306365784685566,1747.0,5533.0,255512.0,20.0,21.0,11072.0,204.0,244440.0,1747.0,1.0,7.0,0.0,
184,,7,False,pyqubo,1000,72,0,6,8,3,1.875,True,0,0.5840423633010055,6.0,majority_vote,1.8481436181566984,1100.0,3068.0,255394.0,20.0,21.0,10954.0,204.0,244440.0,1100.0,1.0,7.0,11.0,
185,,8,False,pyqubo,1000,18,0,6,8,3,1.875,True,0,0.0942464449336588,6.0,majority_vote,1.97789875878418,1338.0,3652.0,250016.0,20.0,21.0,11076.0,198.0,238940.0,1338.0,1.0,7.0,18.0,
186,,8,False,pyqubo,1000,31,0,6,8,3,1.875,True,0,0.1342297852085447,6.0,majority_vote,1.97789875878418,1963.0,4637.0,255079.0,20.0,21.0,10979.0,204.0,244100.0,1963.0,1.0,7.0,3.0,
187,,7,False,pyqubo,1000,26,0,6,8,3,1.875,True,0,0.6139278701901416,6.0,majority_vote,1.8481436181566984,834.0,3245.0,255049.0,20.0,21.0,10969.0,204.0,244080.0,834.0,1.0,7.0,1.0,
188,,9,False,pyqubo,1000,48,0,6,8,3,1.875,True,0,0.0875853303522529,7.0,majority_vote,2.0886164189373178,1919.0,4635.0,255127.0,20.0,21.0,11027.0,204.0,244100.0,1919.0,1.0,7.0,16.0,
189,,7,False,pyqubo,1000,35,0,6,8,3,1.875,True,0,0.5840423633010055,6.0,majority_vote,1.8481436181566984,1095.0,3294.0,254174.0,20.0,21.0,11014.0,203.0,243160.0,1095.0,1.0,7.0,4.0,
190,,7,False,pyqubo,1000,30,0,6,8,3,1.875,True,0,0.5790444457666446,6.0,majority_vote,1.8481436181566984,954.0,3429.0,255428.0,20.0,21.0,11008.0,204.0,244420.0,954.0,1.0,7.0,9.0,
191,,9,False,pyqubo,1000,140,0,6,8,3,1.875,True,0,0.0476019900773678,7.0,majority_vote,2.0886164189373178,1735.0,3938.0,255470.0,20.0,21.0,11030.0,204.0,244440.0,1735.0,1.0,7.0,10.0,
192,,7,False,pyqubo,1000,39,0,6,8,3,1.875,True,0,0.5840423633010055,6.0,majority_vote,1.8481436181566984,1207.0,2763.0,253795.0,20.0,21.0,11015.0,202.0,242780.0,1207.0,1.0,7.0,2.0,
193,,8,False,pyqubo,1000,129,0,6,8,3,1.875,True,0,0.1241173806346482,6.0,majority_vote,1.97789875878418,2132.0,3519.0,255451.0,20.0,21.0,11011.0,204.0,244440.0,2132.0,1.0,7.0,7.0,
194,,8,False,pyqubo,1000,199,0,6,8,3,1.875,True,0,0.1227039753844057,6.0,majority_vote,1.97789875878418,1045.0,4357.0,254087.0,20.0,21.0,10987.0,203.0,243100.0,1045.0,1.0,7.0,17.0,
195,,9,False,pyqubo,1000,197,0,6,8,3,1.875,True,0,0.0833180538235405,7.0,majority_vote,2.0886164189373178,1538.0,3772.0,254129.0,20.0,21.0,11029.0,203.0,243100.0,1538.0,1.0,7.0,19.0,
196,,7,False,pyqubo,1000,14,0,6,8,3,1.875,True,0,0.6147438567263643,6.0,majority_vote,1.8481436181566984,1147.0,3402.0,254412.0,20.0,21.0,10972.0,203.0,243440.0,1147.0,1.0,7.0,15.0,
197,,8,False,pyqubo,1000,73,0,6,8,3,1.875,True,0,0.0941444466166316,6.0,majority_vote,1.97789875878418,1077.0,3442.0,253821.0,20.0,21.0,11041.0,202.0,242780.0,1077.0,1.0,7.0,8.0,
198,,9,False,pyqubo,1000,123,0,6,8,3,1.875,True,0,0.0535491164395782,7.0,majority_vote,2.0886164189373178,3832.0,3384.0,254859.0,20.0,21.0,11059.0,203.0,243800.0,3832.0,1.0,7.0,13.0,
199,,8,False,pyqubo,1000,109,0,6,8,3,1.875,True,0,0.0884325408630761,6.0,majority_vote,1.97789875878418,3076.0,2903.0,255046.0,20.0,21.0,10986.0,204.0,244060.0,3076.0,1.0,7.0,14.0,
200,,9,False,pyqubo,1000,100,0,6,8,3,1.875,True,0,0.0534304653360973,7.0,majority_vote,2.0886164189373178,1531.0,5684.0,254207.0,20.0,21.0,11047.0,203.0,243160.0,1531.0,1.0,7.0,5.0,
201,,7,False,pyqubo,1000,45,0,6,8,3,1.875,True,0,0.5790444457666446,6.0,majority_vote,1.8481436181566984,932.0,3199.0,250406.0,20.0,21.0,10946.0,199.0,239460.0,932.0,1.0,7.0,6.0,
202,,9,False,pyqubo,1000,34,0,6,9,3,1.7777777777777777,True,0,0.0476186428638207,7.0,majority_vote,1.9398490069619645,1267.0,4061.0,254437.0,20.0,21.0,10997.0,203.0,243440.0,1267.0,1.0,7.0,2.0,
203,,6,False,pyqubo,1000,0,0,5,8,3,1.75,True,0,2.018775720164609,,majority_vote,1.4878229061282795,686.0,2585.0,249777.0,20.0,21.0,10837.0,198.0,238940.0,686.0,1.0,7.0,3.0,
204,,6,False,pyqubo,1000,0,0,5,8,3,1.75,True,0,2.018775720164609,,majority_vote,1.4878229061282795,1001.0,2669.0,249817.0,20.0,21.0,10877.0,198.0,238940.0,1001.0,1.0,7.0,0.0,
205,,6,False,pyqubo,1000,0,0,5,8,3,1.75,True,0,2.018775720164609,,majority_vote,1.4878229061282795,686.0,2367.0,249769.0,20.0,21.0,10829.0,198.0,238940.0,686.0,1.0,7.0,17.0,
206,,9,False,pyqubo,1000,94,0,5,8,3,1.75,True,0,0.0833762002743494,7.0,majority_vote,1.9243084472090224,998.0,3899.0,254142.0,20.0,21.0,11042.0,203.0,243100.0,998.0,1.0,7.0,5.0,
207,,7,False,pyqubo,1000,1,0,5,8,3,1.75,True,0,1.3366769547325106,7.0,majority_vote,1.634203720470615,992.0,2390.0,249887.0,20.0,21.0,10947.0,198.0,238940.0,992.0,1.0,7.0,19.0,
208,,6,False,pyqubo,1000,0,0,5,8,3,1.75,True,0,2.018775720164609,,majority_vote,1.4878229061282795,901.0,2794.0,249795.0,20.0,21.0,10855.0,198.0,238940.0,901.0,1.0,7.0,11.0,
209,,7,False,pyqubo,1000,11,0,5,8,3,1.75,True,0,1.3364626200274348,7.0,majority_vote,1.634203720470615,783.0,6057.0,253784.0,20.0,21.0,10964.0,202.0,242820.0,783.0,1.0,7.0,9.0,
210,,7,False,pyqubo,1000,13,0,5,8,3,1.75,True,0,1.3364626200274348,7.0,majority_vote,1.634203720470615,696.0,2682.0,253079.0,20.0,21.0,10899.0,202.0,242180.0,696.0,1.0,7.0,10.0,
211,,9,False,pyqubo,1000,194,0,5,8,3,1.75,True,0,0.0651220278920892,7.0,majority_vote,1.9243084472090224,1074.0,3329.0,254425.0,20.0,21.0,11005.0,203.0,243420.0,1074.0,1.0,7.0,15.0,
212,,6,False,pyqubo,1000,0,0,4,7,3,1.7142857142857142,True,0,2.0192,,majority_vote,1.3607767417578425,707.0,2196.0,249767.0,20.0,21.0,10827.0,198.0,238940.0,707.0,1.0,7.0,8.0,
213,,6,False,pyqubo,1000,0,0,4,7,3,1.7142857142857142,True,0,2.0192,,majority_vote,1.3607767417578425,787.0,3520.0,249792.0,20.0,21.0,10851.0,198.0,238940.0,787.0,1.0,7.0,13.0,
214,,7,False,pyqubo,1000,4,0,4,7,3,1.7142857142857142,True,0,1.4038399999999998,7.0,majority_vote,1.523393416028834,767.0,2101.0,254341.0,20.0,21.0,10881.0,203.0,243460.0,767.0,1.0,7.0,1.0,
215,,7,False,pyqubo,1000,1,0,4,7,3,1.7142857142857142,True,0,1.4038399999999998,7.0,majority_vote,1.523393416028834,705.0,2295.0,249849.0,20.0,21.0,10909.0,198.0,238940.0,705.0,1.0,7.0,18.0,
216,,6,False,pyqubo,1000,0,0,4,7,3,1.7142857142857142,True,0,2.0192,,majority_vote,1.3607767417578425,1122.0,2745.0,249793.0,20.0,21.0,10853.0,198.0,238940.0,1122.0,1.0,7.0,16.0,
217,,9,False,pyqubo,1000,56,0,4,7,3,1.7142857142857142,True,0,0.1606655999999997,7.0,majority_vote,1.8402382929936003,2249.0,5110.0,249972.0,20.0,21.0,11032.0,198.0,238940.0,2249.0,1.0,7.0,6.0,
218,,9,False,pyqubo,1000,100,0,4,7,3,1.7142857142857142,True,0,0.1151999999999997,7.0,majority_vote,1.8402382929936003,1385.0,2726.0,253529.0,20.0,21.0,11009.0,202.0,242520.0,1385.0,1.0,7.0,4.0,
219,,6,False,pyqubo,1000,0,0,4,7,3,1.7142857142857142,True,0,2.0192,,majority_vote,1.3607767417578425,626.0,2476.0,253323.0,20.0,21.0,10863.0,202.0,242460.0,626.0,1.0,7.0,14.0,
220,,9,False,pyqubo,1000,168,0,4,7,3,1.7142857142857142,True,0,0.0962560000000003,7.0,majority_vote,1.8402382929936003,1523.0,4814.0,249929.0,20.0,21.0,10989.0,198.0,238940.0,1523.0,1.0,7.0,12.0,
221,,7,False,pyqubo,1000,9,0,4,7,3,1.7142857142857142,True,0,1.4038399999999998,7.0,majority_vote,1.523393416028834,951.0,2269.0,254358.0,20.0,21.0,10918.0,203.0,243440.0,951.0,1.0,7.0,7.0,
222,,8,False,pyqubo,1000,8,0,6,10,3,1.7,True,0,0.3741298268578568,7.0,majority_vote,1.974761759965158,3738.0,3387.0,254840.0,20.0,21.0,11040.0,203.0,243800.0,3738.0,1.0,7.0,15.0,
223,,7,False,pyqubo,1000,1,0,6,10,3,1.7,True,0,1.328315582792884,7.0,majority_vote,1.843630440191309,1357.0,4054.0,255082.0,20.0,21.0,10982.0,204.0,244100.0,1357.0,1.0,7.0,11.0,
224,,8,False,pyqubo,1000,11,0,6,10,3,1.7,True,0,0.3698458975426906,7.0,majority_vote,1.974761759965158,1661.0,3506.0,254844.0,20.0,21.0,11044.0,203.0,243800.0,2908.0,1.0,7.0,5.0,
225,,8,False,pyqubo,1000,3,0,6,10,3,1.7,True,0,0.6132138819709478,7.0,majority_vote,1.974761759965158,2216.0,3468.0,255431.0,20.0,21.0,11051.0,204.0,244380.0,2216.0,1.0,7.0,2.0,
226,,7,False,pyqubo,1000,1,0,6,10,3,1.7,True,0,1.6239067055393583,7.0,majority_vote,1.843630440191309,1791.0,2552.0,255424.0,20.0,21.0,10984.0,204.0,244440.0,1791.0,1.0,7.0,16.0,
227,,7,False,pyqubo,1000,0,0,6,10,3,1.7,True,0,2.053430118403046,,majority_vote,1.843630440191309,1125.0,2802.0,253543.0,20.0,21.0,11023.0,202.0,242520.0,1125.0,1.0,7.0,17.0,
228,,7,False,pyqubo,1000,0,0,6,10,3,1.7,True,0,2.018444695662522,,majority_vote,1.843630440191309,1820.0,2818.0,249961.0,20.0,21.0,11021.0,198.0,238940.0,1820.0,1.0,7.0,7.0,
229,,9,False,pyqubo,1000,13,0,6,10,3,1.7,True,0,0.0526165603981816,7.0,majority_vote,2.0985644209287164,1639.0,3571.0,255481.0,20.0,21.0,11041.0,204.0,244440.0,1639.0,1.0,7.0,12.0,
230,,7,False,pyqubo,1000,0,0,6,10,3,1.7,True,0,1.6181947997858046,,majority_vote,1.843630440191309,1674.0,3288.0,249918.0,20.0,21.0,10978.0,198.0,238940.0,1674.0,1.0,7.0,0.0,
231,,7,False,pyqubo,1000,1,0,6,10,3,1.7,True,0,1.3740108288213246,7.0,majority_vote,1.843630440191309,1208.0,3418.0,255382.0,20.0,21.0,11002.0,204.0,244380.0,1208.0,1.0,7.0,1.0,
232,,9,False,pyqubo,1000,29,0,6,10,3,1.7,True,0,0.5773979015060533,8.0,majority_vote,2.0985644209287164,2263.0,3835.0,255502.0,20.0,21.0,11062.0,204.0,244440.0,2263.0,1.0,7.0,8.0,
233,,7,False,pyqubo,1000,33,0,6,8,3,1.75,True,0,0.5783304575474499,6.0,majority_vote,1.864463083815041,1138.0,2231.0,254669.0,20.0,21.0,10929.0,203.0,243740.0,1138.0,1.0,7.0,13.0,
234,,7,False,pyqubo,1000,21,0,6,8,3,1.75,True,0,0.5740465282322837,6.0,majority_vote,1.864463083815041,1004.0,2573.0,254737.0,20.0,21.0,10957.0,203.0,243780.0,1004.0,1.0,7.0,4.0,
235,,7,False,pyqubo,1000,36,0,6,8,3,1.75,True,0,0.5747605164514784,6.0,majority_vote,1.864463083815041,4758.0,1782.0,249866.0,20.0,21.0,10926.0,198.0,238940.0,4758.0,1.0,7.0,6.0,
236,,6,False,pyqubo,1000,0,0,6,8,3,1.75,True,0,2.01832569762599,,majority_vote,1.727987291315352,774.0,2901.0,249898.0,20.0,21.0,10958.0,198.0,238940.0,774.0,1.0,7.0,18.0,
237,,7,False,pyqubo,1000,9,0,6,8,3,1.75,True,0,0.5797584339858393,6.0,majority_vote,1.864463083815041,1127.0,2693.0,253427.0,20.0,21.0,10967.0,202.0,242460.0,1127.0,1.0,7.0,10.0,
238,,7,False,pyqubo,1000,26,0,6,8,3,1.75,True,0,0.5740465282322837,6.0,majority_vote,1.864463083815041,1146.0,2162.0,254444.0,20.0,21.0,10984.0,203.0,243460.0,1146.0,1.0,7.0,3.0,
239,,6,False,pyqubo,1000,0,0,6,8,3,1.75,True,0,2.0233236151603498,,majority_vote,1.727987291315352,1176.0,2820.0,249874.0,20.0,21.0,10934.0,198.0,238940.0,1176.0,1.0,7.0,14.0,
240,,7,False,pyqubo,1000,59,0,6,8,3,1.75,True,0,0.5733325400130891,6.0,majority_vote,1.864463083815041,970.0,2368.0,255390.0,20.0,21.0,10970.0,204.0,244420.0,970.0,1.0,7.0,9.0,
241,,7,False,pyqubo,1000,0,0,6,11,3,2.0,True,0,2.2915791889433823,,majority_vote,1.5344549092172934,1088.0,2160.0,249824.0,20.0,21.0,10884.0,198.0,238940.0,1088.0,1.0,7.0,9.0,
242,,12,False,pyqubo,1000,2,0,6,11,3,2.0,True,0,1.0067149387661924,10.0,majority_vote,2.17289329075591,1951.0,4542.0,254220.0,20.0,21.0,11080.0,203.0,243140.0,1951.0,1.0,7.0,12.0,
243,,12,False,pyqubo,1000,12,0,6,11,3,2.0,True,0,0.0003909945600728,7.0,majority_vote,2.17289329075591,707.0,4772.0,255519.0,20.0,21.0,11099.0,204.0,244420.0,2704.0,1.0,7.0,5.0,
244,,5,False,pyqubo,1000,0,0,5,8,3,2.125,True,0,4.057098765432099,,majority_vote,1.224559920951196,528.0,2535.0,252108.0,20.0,21.0,10728.0,201.0,241380.0,528.0,1.0,7.0,10.0,
245,,5,False,pyqubo,1000,0,0,5,8,3,2.125,True,0,4.057098765432099,,majority_vote,1.224559920951196,483.0,2268.0,249686.0,20.0,21.0,10746.0,198.0,238940.0,483.0,1.0,7.0,1.0,
246,,5,False,pyqubo,1000,0,0,5,8,3,2.125,True,0,4.057098765432099,,majority_vote,1.224559920951196,1013.0,2338.0,249676.0,20.0,21.0,10736.0,198.0,238940.0,1013.0,1.0,7.0,18.0,
247,,5,False,pyqubo,1000,0,0,5,8,3,2.125,True,0,4.057098765432099,,majority_vote,1.224559920951196,540.0,1084.0,253200.0,20.0,21.0,10740.0,202.0,242460.0,540.0,1.0,7.0,3.0,
248,,5,False,pyqubo,1000,0,0,5,8,3,2.125,True,0,4.057098765432099,,majority_vote,1.224559920951196,454.0,3634.0,253902.0,20.0,21.0,10742.0,203.0,243160.0,454.0,1.0,7.0,4.0,
249,,5,False,pyqubo,1000,0,0,5,8,3,2.125,True,0,4.057098765432099,,majority_vote,1.224559920951196,497.0,1686.0,249678.0,20.0,21.0,10738.0,198.0,238940.0,497.0,1.0,7.0,11.0,
250,,5,False,pyqubo,1000,0,0,5,8,3,2.125,True,0,4.057098765432099,,majority_vote,1.224559920951196,479.0,1853.0,249669.0,20.0,21.0,10729.0,198.0,238940.0,479.0,1.0,7.0,13.0,
251,,5,False,pyqubo,1000,0,0,5,8,3,2.125,True,0,4.057098765432099,,majority_vote,1.224559920951196,1130.0,2109.0,249680.0,20.0,21.0,10740.0,198.0,238940.0,1130.0,1.0,7.0,8.0,
252,,5,False,pyqubo,1000,0,0,5,8,3,2.125,True,0,4.057098765432099,,majority_vote,1.224559920951196,646.0,1816.0,254161.0,20.0,21.0,10741.0,203.0,243420.0,646.0,1.0,7.0,14.0,
253,,5,False,pyqubo,1000,0,0,5,8,3,2.125,True,0,4.057098765432099,,majority_vote,1.224559920951196,470.0,1879.0,250198.0,20.0,21.0,10738.0,199.0,239460.0,470.0,1.0,7.0,15.0,
254,,5,False,pyqubo,1000,0,0,5,8,3,2.125,True,0,4.057098765432099,,majority_vote,1.224559920951196,520.0,1364.0,249680.0,20.0,21.0,10740.0,198.0,238940.0,520.0,1.0,7.0,0.0,
255,,5,False,pyqubo,1000,0,0,5,8,3,2.125,True,0,4.057098765432099,,majority_vote,1.224559920951196,276.0,2114.0,249676.0,20.0,21.0,10736.0,198.0,238940.0,276.0,1.0,7.0,16.0,
256,,5,False,pyqubo,1000,0,0,5,8,3,2.125,True,0,4.057098765432099,,majority_vote,1.224559920951196,1249.0,2075.0,254190.0,20.0,21.0,10730.0,203.0,243460.0,1249.0,1.0,7.0,17.0,
257,,5,False,pyqubo,1000,0,0,5,8,3,2.125,True,0,4.057098765432099,,majority_vote,1.224559920951196,427.0,1433.0,249669.0,20.0,21.0,10729.0,198.0,238940.0,427.0,1.0,7.0,2.0,
258,,5,False,pyqubo,1000,0,0,5,8,3,2.125,True,0,4.057098765432099,,majority_vote,1.224559920951196,612.0,1546.0,249679.0,20.0,21.0,10739.0,198.0,238940.0,612.0,1.0,7.0,6.0,
259,,5,False,pyqubo,1000,0,0,5,8,3,2.125,True,0,4.057098765432099,,majority_vote,1.224559920951196,512.0,1404.0,252115.0,20.0,21.0,10735.0,201.0,241380.0,512.0,1.0,7.0,7.0,
260,,8,False,pyqubo,1000,17,0,6,10,3,1.8,True,0,0.3676019345680785,7.0,majority_vote,1.84727655565617,1075.0,3658.0,255530.0,20.0,21.0,11090.0,204.0,244440.0,1075.0,1.0,7.0,12.0,
261,,7,False,pyqubo,1000,3,0,6,10,3,1.8,True,0,1.328315582792884,7.0,majority_vote,1.7381914483482854,2608.0,2653.0,255059.0,20.0,21.0,10959.0,204.0,244100.0,2608.0,1.0,7.0,8.0,
262,,8,False,pyqubo,1000,78,0,6,10,3,1.8,True,0,0.3326165118275561,7.0,majority_vote,1.84727655565617,1147.0,3361.0,254241.0,20.0,21.0,11101.0,203.0,243140.0,1147.0,1.0,7.0,10.0,
263,,11,False,pyqubo,1000,70,0,6,10,3,1.8,True,0,0.0419213082984128,8.0,majority_vote,2.1269686550159337,588.0,6103.0,253946.0,20.0,21.0,11126.0,202.0,242820.0,1912.0,1.0,7.0,16.0,
264,,8,False,pyqubo,1000,203,0,5,9,3,1.7777777777777777,True,0,0.1219564471879284,6.0,majority_vote,1.7413837218334924,4720.0,3175.0,249978.0,20.0,21.0,11038.0,198.0,238940.0,4720.0,1.0,7.0,3.0,
265,,7,False,pyqubo,1000,60,0,5,9,3,1.7777777777777777,True,0,0.4539609053497955,6.0,majority_vote,1.6425294322773751,1627.0,2573.0,249888.0,20.0,21.0,10948.0,198.0,238940.0,1627.0,1.0,7.0,5.0,
266,,7,False,pyqubo,1000,18,0,5,9,3,1.7777777777777777,True,0,0.4552469135802468,6.0,majority_vote,1.6425294322773751,1367.0,2866.0,254037.0,20.0,21.0,10937.0,203.0,243100.0,1367.0,1.0,7.0,15.0,
267,,8,False,pyqubo,1000,268,0,5,9,3,1.7777777777777777,True,0,0.1311728395061724,6.0,majority_vote,1.7413837218334924,1380.0,3464.0,254166.0,20.0,21.0,11065.0,203.0,243100.0,1380.0,1.0,7.0,11.0,
268,,7,False,pyqubo,1000,44,0,5,9,3,1.7777777777777777,True,0,0.4539609053497955,6.0,majority_vote,1.6425294322773751,836.0,2486.0,249915.0,20.0,21.0,10975.0,198.0,238940.0,836.0,1.0,7.0,2.0,
269,,7,False,pyqubo,1000,105,0,5,9,3,1.7777777777777777,True,0,0.4539609053497955,6.0,majority_vote,1.6425294322773751,1057.0,3700.0,253785.0,20.0,21.0,10965.0,202.0,242820.0,1057.0,1.0,7.0,1.0,
270,,7,False,pyqubo,1000,45,0,5,9,3,1.7777777777777777,True,0,0.4539609053497955,6.0,majority_vote,1.6425294322773751,1236.0,2264.0,255308.0,20.0,21.0,10928.0,204.0,244380.0,1236.0,1.0,7.0,14.0,
271,,8,False,pyqubo,1000,125,0,5,9,3,1.7777777777777777,True,0,0.2314814814814809,6.0,majority_vote,1.7413837218334924,1107.0,3400.0,254408.0,20.0,21.0,10988.0,203.0,243420.0,1107.0,1.0,7.0,4.0,
272,,8,False,pyqubo,1000,172,0,5,9,3,1.7777777777777777,True,0,0.1221707818930042,6.0,majority_vote,1.7413837218334924,1559.0,3281.0,254804.0,20.0,21.0,11024.0,203.0,243780.0,1559.0,1.0,7.0,7.0,
273,,8,False,pyqubo,1000,173,0,5,9,3,1.7777777777777777,True,0,0.0848765432098765,6.0,majority_vote,1.7413837218334924,996.0,3244.0,253555.0,20.0,21.0,11035.0,202.0,242520.0,996.0,1.0,7.0,0.0,
274,,8,False,pyqubo,1000,160,0,5,9,3,1.7777777777777777,True,0,0.0771604938271615,6.0,majority_vote,1.7413837218334924,956.0,2967.0,254134.0,20.0,21.0,11034.0,203.0,243100.0,956.0,1.0,7.0,6.0,
275,,9,False,pyqubo,1000,177,0,5,9,3,1.7777777777777777,True,0,0.0293281321444904,6.0,majority_vote,1.8468173577647509,1048.0,3681.0,254174.0,20.0,21.0,11074.0,203.0,243100.0,1048.0,1.0,7.0,13.0,
276,,9,False,pyqubo,1000,244,0,5,9,3,1.7777777777777777,True,0,0.0293281321444904,6.0,majority_vote,1.8468173577647509,996.0,2924.0,253850.0,20.0,21.0,11030.0,202.0,242820.0,996.0,1.0,7.0,9.0,
277,,9,False,pyqubo,1000,167,0,6,10,3,2.0,True,0,0.0942464449336579,7.0,majority_vote,1.883859840858656,1691.0,3224.0,253237.0,20.0,21.0,11057.0,202.0,242180.0,1691.0,1.0,7.0,16.0,
278,,6,False,pyqubo,1000,1,0,6,9,3,2.0,True,0,1.338311417861605,6.0,majority_vote,1.3851986115891062,845.0,2320.0,255267.0,20.0,21.0,10887.0,204.0,244380.0,845.0,1.0,7.0,0.0,
279,,6,False,pyqubo,1000,0,0,6,9,3,2.0,True,0,1.338311417861605,,majority_vote,1.3851986115891062,1020.0,1612.0,249810.0,20.0,21.0,10870.0,198.0,238940.0,1020.0,1.0,7.0,3.0,
280,,5,False,pyqubo,1000,0,0,6,9,3,2.0,True,0,2.368179925031237,,majority_vote,1.224559920951196,2305.0,1855.0,253898.0,20.0,21.0,10758.0,203.0,243140.0,2305.0,1.0,7.0,6.0,
281,,5,False,pyqubo,1000,0,0,6,9,3,2.0,True,0,2.368179925031237,,majority_vote,1.224559920951196,583.0,1843.0,249751.0,20.0,21.0,10811.0,198.0,238940.0,583.0,1.0,7.0,5.0,
282,,6,False,pyqubo,1000,4,0,6,9,3,2.0,True,0,1.338311417861605,6.0,majority_vote,1.3851986115891062,550.0,2163.0,255226.0,20.0,21.0,10846.0,204.0,244380.0,550.0,1.0,7.0,12.0,
283,,6,False,pyqubo,1000,1,0,6,9,3,2.0,True,0,1.338311417861605,6.0,majority_vote,1.3851986115891062,722.0,1700.0,249819.0,20.0,21.0,10879.0,198.0,238940.0,722.0,1.0,7.0,14.0,
284,,5,False,pyqubo,1000,0,0,6,9,3,2.0,True,0,2.368179925031237,,majority_vote,1.224559920951196,513.0,2270.0,254274.0,20.0,21.0,10813.0,203.0,243460.0,513.0,1.0,7.0,13.0,
285,,6,False,pyqubo,1000,2,0,6,9,3,2.0,True,0,1.338311417861605,6.0,majority_vote,1.3851986115891062,451.0,1850.0,249771.0,20.0,21.0,10831.0,198.0,238940.0,451.0,1.0,7.0,2.0,
286,,6,False,pyqubo,1000,1,0,6,9,3,2.0,True,0,1.338311417861605,6.0,majority_vote,1.3851986115891062,985.0,2380.0,251254.0,20.0,21.0,10834.0,200.0,240420.0,985.0,1.0,7.0,9.0,
287,,6,False,pyqubo,1000,0,0,6,9,3,2.0,True,0,1.338311417861605,,majority_vote,1.3851986115891062,751.0,1898.0,249794.0,20.0,21.0,10853.0,198.0,238940.0,751.0,1.0,7.0,10.0,
288,,6,False,pyqubo,1000,1,0,6,9,3,2.0,True,0,1.338311417861605,6.0,majority_vote,1.3851986115891062,717.0,1692.0,254579.0,20.0,21.0,10839.0,203.0,243740.0,717.0,1.0,7.0,4.0,
289,,6,False,pyqubo,1000,2,0,6,9,3,2.0,True,0,1.338311417861605,6.0,majority_vote,1.3851986115891062,911.0,2589.0,255290.0,20.0,21.0,10850.0,204.0,244440.0,911.0,1.0,7.0,8.0,
290,,5,False,pyqubo,1000,0,0,6,9,3,2.0,True,0,2.368179925031237,,majority_vote,1.224559920951196,575.0,1448.0,249752.0,20.0,21.0,10811.0,198.0,238940.0,575.0,1.0,7.0,11.0,
291,,5,False,pyqubo,1000,0,0,6,9,3,2.0,True,0,2.368179925031237,,majority_vote,1.224559920951196,450.0,1796.0,255262.0,20.0,21.0,10822.0,204.0,244440.0,450.0,1.0,7.0,7.0,
292,,5,False,pyqubo,1000,0,0,6,9,3,2.0,True,0,2.368179925031237,,majority_vote,1.224559920951196,2418.0,1925.0,249694.0,20.0,21.0,10754.0,198.0,238940.0,2418.0,1.0,7.0,15.0,
293,,5,False,pyqubo,1000,0,0,6,9,3,2.0,True,0,2.368179925031237,,majority_vote,1.224559920951196,456.0,1508.0,249708.0,20.0,21.0,10768.0,198.0,238940.0,456.0,1.0,7.0,1.0,
294,,8,False,pyqubo,1000,13,0,6,9,3,1.7777777777777777,True,0,0.3326019406394067,7.0,majority_vote,1.980743066210159,1559.0,4075.0,255471.0,20.0,21.0,11031.0,204.0,244440.0,1559.0,1.0,7.0,6.0,
295,,8,False,pyqubo,1000,0,0,6,9,3,1.7777777777777777,True,0,1.0875995546073494,,majority_vote,1.980743066210159,1322.0,3204.0,255472.0,20.0,21.0,11032.0,204.0,244440.0,1322.0,1.0,7.0,10.0,
296,,9,False,pyqubo,1000,62,0,6,9,3,1.7777777777777777,True,0,0.1341277868915149,7.0,majority_vote,2.094319692644845,447.0,5985.0,255512.0,20.0,21.0,11072.0,204.0,244440.0,1951.0,1.0,7.0,9.0,
297,,9,False,pyqubo,1000,57,0,6,9,3,1.7777777777777777,True,0,0.0876165543268534,7.0,majority_vote,2.094319692644845,574.0,5044.0,255544.0,20.0,21.0,11104.0,204.0,244440.0,3877.0,1.0,7.0,14.0,
298,,7,False,pyqubo,1000,0,0,6,9,3,1.7777777777777777,True,0,1.3390254060808005,,majority_vote,1.8632705905150384,975.0,2772.0,254514.0,20.0,21.0,11054.0,203.0,243460.0,975.0,1.0,7.0,16.0,
299,,9,False,pyqubo,1000,64,0,6,9,3,1.7777777777777777,True,0,0.333330500046749,8.0,majority_vote,2.094319692644845,1591.0,5310.0,254500.0,20.0,21.0,11060.0,203.0,243440.0,1591.0,1.0,7.0,2.0,
300,,7,False,pyqubo,1000,31,0,6,8,3,1.875,True,0,0.6140298685071697,6.0,majority_vote,1.8658795263834005,1115.0,3126.0,253139.0,20.0,21.0,10979.0,202.0,242160.0,1115.0,1.0,7.0,19.0,
301,,7,False,pyqubo,1000,57,0,6,8,3,1.875,True,0,0.6132138819709478,6.0,majority_vote,1.8658795263834005,4720.0,2532.0,255303.0,20.0,21.0,10923.0,204.0,244380.0,4720.0,1.0,7.0,4.0,
302,,8,False,pyqubo,1000,126,0,6,8,3,1.875,True,0,0.0885345391801033,6.0,majority_vote,1.9675567336165936,1365.0,4295.0,253838.0,20.0,21.0,11058.0,202.0,242780.0,1365.0,1.0,7.0,3.0,
303,,8,False,pyqubo,1000,166,0,6,8,3,1.875,True,0,0.0884325408630761,6.0,majority_vote,1.9675567336165936,3408.0,2856.0,253853.0,20.0,21.0,11033.0,202.0,242820.0,3408.0,1.0,7.0,15.0,
304,,7,False,pyqubo,1000,38,0,6,8,3,1.875,True,0,0.6139278701901416,6.0,majority_vote,1.8658795263834005,1853.0,2851.0,254169.0,20.0,21.0,11069.0,203.0,243100.0,1853.0,1.0,7.0,13.0,
305,,9,False,pyqubo,1000,111,0,6,8,3,1.875,True,0,0.0484492005881902,6.0,majority_vote,2.053367692263037,1445.0,4211.0,254780.0,20.0,21.0,10980.0,203.0,243800.0,1445.0,1.0,7.0,18.0,
306,,7,False,pyqubo,1000,49,0,6,8,3,1.875,True,0,0.6132138819709478,6.0,majority_vote,1.8658795263834005,1197.0,2970.0,254736.0,20.0,21.0,10996.0,203.0,243740.0,1197.0,1.0,7.0,1.0,
307,,9,False,pyqubo,1000,221,0,6,8,3,1.875,True,0,0.0183284730903983,6.0,majority_vote,2.053367692263037,1212.0,3569.0,254193.0,20.0,21.0,11033.0,203.0,243160.0,1212.0,1.0,7.0,12.0,
308,,6,False,pyqubo,1000,0,0,6,8,3,1.875,True,0,2.088296543107039,,majority_vote,1.7110485089558392,716.0,3304.0,249916.0,20.0,21.0,10975.0,198.0,238940.0,716.0,1.0,7.0,5.0,
309,,8,False,pyqubo,1000,234,0,6,8,3,1.875,True,0,0.0834346233287153,6.0,majority_vote,1.9675567336165936,1136.0,3290.0,253801.0,20.0,21.0,11021.0,202.0,242780.0,1136.0,1.0,7.0,7.0,
310,,8,False,pyqubo,1000,112,0,6,8,3,1.875,True,0,0.1285178794549892,6.0,majority_vote,1.9675567336165936,1084.0,2838.0,254158.0,20.0,21.0,10998.0,203.0,243160.0,1084.0,1.0,7.0,11.0,
311,,6,False,pyqubo,1000,0,0,6,8,3,1.875,True,0,2.088296543107039,,majority_vote,1.7110485089558392,820.0,3118.0,254092.0,20.0,21.0,10992.0,203.0,243100.0,820.0,1.0,7.0,0.0,
312,,7,False,pyqubo,1000,27,0,6,8,3,1.875,True,0,0.6182117995053087,6.0,majority_vote,1.8658795263834005,1087.0,3181.0,254682.0,20.0,21.0,10942.0,203.0,243740.0,1087.0,1.0,7.0,8.0,
313,,8,False,pyqubo,1000,319,0,6,8,3,1.875,True,0,0.0827206351095206,6.0,majority_vote,1.9675567336165936,3425.0,3306.0,253529.0,20.0,21.0,11029.0,202.0,242500.0,3425.0,1.0,7.0,17.0,
314,,10,False,pyqubo,1000,343,0,6,9,3,1.8888888888888888,True,0,0.0076332209906286,7.0,majority_vote,2.1015651878554635,1403.0,4497.0,254454.0,20.0,21.0,11034.0,203.0,243420.0,1403.0,1.0,7.0,7.0,
315,,5,False,pyqubo,1000,0,0,6,8,3,1.875,True,0,3.053311120366514,,majority_vote,1.3181693113304274,1742.0,1412.0,249724.0,20.0,21.0,10784.0,198.0,238940.0,1742.0,1.0,7.0,6.0,
316,,5,False,pyqubo,1000,0,0,6,8,3,1.875,True,0,3.053311120366514,,majority_vote,1.3181693113304274,645.0,1475.0,249702.0,20.0,21.0,10762.0,198.0,238940.0,645.0,1.0,7.0,13.0,
317,,6,False,pyqubo,1000,0,0,6,8,3,1.875,True,0,2.292497173796632,,majority_vote,1.470761584326649,864.0,2084.0,249714.0,20.0,21.0,10774.0,198.0,238940.0,864.0,1.0,7.0,11.0,
318,,6,False,pyqubo,1000,0,0,6,8,3,1.875,True,0,2.292497173796632,,majority_vote,1.470761584326649,743.0,2117.0,249798.0,20.0,21.0,10858.0,198.0,238940.0,743.0,1.0,7.0,14.0,
319,,5,False,pyqubo,1000,0,0,6,8,3,1.875,True,0,3.053311120366514,,majority_vote,1.3181693113304274,3351.0,2146.0,249758.0,20.0,21.0,10817.0,198.0,238940.0,3351.0,1.0,7.0,16.0,
320,,9,False,pyqubo,1000,486,0,6,8,3,1.875,True,0,0.0477206411808488,7.0,majority_vote,1.9361992407807616,952.0,3117.0,249914.0,20.0,21.0,10974.0,198.0,238940.0,952.0,1.0,7.0,5.0,
321,,5,False,pyqubo,1000,0,0,5,7,3,1.8571428571428568,True,0,3.0277777777777777,,majority_vote,1.1590272591703783,1803.0,1646.0,254178.0,20.0,21.0,10718.0,203.0,243460.0,1803.0,1.0,7.0,10.0,
322,,5,False,pyqubo,1000,0,0,5,7,3,1.8571428571428568,True,0,3.0277777777777777,,majority_vote,1.1590272591703783,1273.0,1738.0,254472.0,20.0,21.0,10732.0,203.0,243740.0,1273.0,1.0,7.0,2.0,
323,,6,False,pyqubo,1000,0,0,5,7,3,1.8571428571428568,True,0,2.3364197530864192,,majority_vote,1.3430573007297484,559.0,2441.0,249728.0,20.0,21.0,10788.0,198.0,238940.0,559.0,1.0,7.0,17.0,
324,,9,False,pyqubo,1000,551,0,5,7,3,1.8571428571428568,True,0,0.0200760173754002,6.0,majority_vote,1.862939206908364,3090.0,2326.0,254465.0,20.0,21.0,11005.0,203.0,243460.0,3090.0,1.0,7.0,12.0,
325,,6,False,pyqubo,1000,0,0,4,6,3,1.8333333333333333,True,0,2.4032,,majority_vote,1.3226758862245882,352.0,1493.0,255210.0,20.0,21.0,10830.0,204.0,244380.0,352.0,1.0,7.0,3.0,
326,,5,False,pyqubo,1000,0,0,4,6,3,1.8333333333333333,True,0,3.032,,majority_vote,1.1363435146703365,541.0,1981.0,249651.0,20.0,21.0,10711.0,198.0,238940.0,541.0,1.0,7.0,0.0,
327,,9,False,pyqubo,1000,232,0,4,6,3,1.8333333333333333,True,0,0.0352256000000004,6.0,majority_vote,1.8612445470407395,839.0,3010.0,254365.0,20.0,21.0,10925.0,203.0,243440.0,839.0,1.0,7.0,8.0,
328,,9,False,pyqubo,1000,405,0,4,6,3,1.8333333333333333,True,0,0.0352256000000004,6.0,majority_vote,1.8612445470407395,1261.0,2841.0,249888.0,20.0,21.0,10948.0,198.0,238940.0,1261.0,1.0,7.0,9.0,
329,,9,False,pyqubo,1000,375,0,4,6,3,1.8333333333333333,True,0,0.0358400000000003,6.0,majority_vote,1.8612445470407395,1749.0,2384.0,255052.0,20.0,21.0,10951.0,204.0,244100.0,1749.0,1.0,7.0,1.0,
330,,9,False,pyqubo,1000,447,0,4,6,3,1.8333333333333333,True,0,0.0353279999999998,6.0,majority_vote,1.8612445470407395,2915.0,3008.0,254083.0,20.0,21.0,10983.0,203.0,243100.0,2915.0,1.0,7.0,19.0,
331,,6,False,pyqubo,1000,0,0,4,6,3,1.8333333333333333,True,0,2.4032,,majority_vote,1.3226758862245882,607.0,2277.0,253297.0,20.0,21.0,10837.0,202.0,242460.0,607.0,1.0,7.0,15.0,
332,,9,False,pyqubo,1000,452,0,4,6,3,1.8333333333333333,True,0,0.0960511999999997,7.0,majority_vote,1.8612445470407395,1573.0,2644.0,254066.0,20.0,21.0,10966.0,203.0,243100.0,1573.0,1.0,7.0,18.0,
333,,9,False,pyqubo,1000,287,0,4,6,3,1.8333333333333333,True,0,0.0352256000000004,6.0,majority_vote,1.8612445470407395,3937.0,2956.0,249871.0,20.0,21.0,10931.0,198.0,238940.0,3937.0,1.0,7.0,4.0,
334,ft02.txt,14,False,pyqubo,10000,2846,0,2,4,5,3.5,False,7,0.0109739368998624,9.0,majority_vote,2.15569795469472,1186.0,23365.0,2445380.0,20.0,21.0,10980.0,203.0,2434400.0,12462.0,,,,0.0
335,ft02.txt,9,False,pyqubo,10000,6,0,2,4,5,3.5,False,7,1.6666666666666663,9.0,majority_vote,1.2074323652555727,1460.0,4486.0,2400141.0,20.0,21.0,10741.0,198.0,2389400.0,2980.0,,,,0.0
336,ft02.txt,14,False,pyqubo,10000,2176,0,2,4,5,3.5,False,7,0.0164609053497941,9.0,majority_vote,2.15569795469472,3266.0,23624.0,2451705.0,20.0,21.0,10905.0,204.0,2440800.0,13063.0,,,,0.0
337,ft02.txt,14,False,pyqubo,10000,2303,0,2,4,5,3.5,False,7,0.0109739368998629,9.0,majority_vote,2.15569795469472,1547.0,21868.0,2400332.0,20.0,21.0,10931.0,198.0,2389400.0,11560.0,,,,0.0
338,ft02.txt,14,False,pyqubo,10000,1264,0,2,4,5,3.5,False,7,0.0109739368998624,9.0,majority_vote,2.15569795469472,1134.0,21812.0,2445317.0,20.0,21.0,10917.0,203.0,2434400.0,11223.0,,,,0.0
339,ft03.txt,8,False,pyqubo,10000,47,10,3,9,2,1.5555555555555556,False,7,0.65625,7.0,majority_vote,1.6924890750698418,3243.0,17744.0,2448996.0,20.0,21.0,10996.0,203.0,2438000.0,13227.0,,,,0.0
340,ft03.txt,8,False,pyqubo,10000,19,11,3,9,2,1.5555555555555556,False,7,0.65625,7.0,majority_vote,1.6924890750698418,1129.0,20349.0,2448825.0,20.0,21.0,11025.0,203.0,2437800.0,10307.0,,,,0.0
341,ft03.txt,7,False,pyqubo,10000,3,3,3,9,2,1.5555555555555556,False,7,1.625,7.0,majority_vote,1.477387547892112,1194.0,13133.0,2455242.0,20.0,21.0,10842.0,204.0,2444400.0,5192.0,,,,0.0
342,ft03.txt,9,False,pyqubo,10000,150,2,3,9,2,1.5555555555555556,False,7,0.1640625,7.0,majority_vote,1.874716853620834,2046.0,30778.0,2455414.0,20.0,21.0,11014.0,204.0,2444400.0,14187.0,,,,0.0
343,ft03.txt,9,False,pyqubo,10000,166,4,3,9,2,1.5555555555555556,False,7,0.1640625,7.0,majority_vote,1.874716853620834,2217.0,25290.0,2455384.0,20.0,21.0,10984.0,204.0,2444400.0,20224.0,,,,0.0
344,ft03.txt,9,False,pyqubo,10000,95,3,3,9,2,1.5555555555555556,False,7,0.1640625,7.0,majority_vote,1.874716853620834,1971.0,29380.0,2455434.0,20.0,21.0,11034.0,204.0,2444400.0,14101.0,,,,0.0
345,ft03.txt,8,False,pyqubo,10000,17,8,3,9,2,1.5555555555555556,False,7,0.65625,7.0,majority_vote,1.6924890750698418,1009.0,17346.0,2400349.0,20.0,21.0,10949.0,198.0,2389400.0,10755.0,,,,0.0
346,ft03.txt,8,False,pyqubo,10000,37,9,3,9,2,1.5555555555555556,False,7,0.65625,7.0,majority_vote,1.6924890750698418,3489.0,19138.0,2400397.0,20.0,21.0,10997.0,198.0,2389400.0,15309.0,,,,0.0
347,ft03.txt,8,False,pyqubo,10000,16,2,3,9,2,1.5555555555555556,False,7,0.65625,7.0,majority_vote,1.6924890750698418,1827.0,20605.0,2400391.0,20.0,21.0,10991.0,198.0,2389400.0,17888.0,,,,0.0
348,ft03.txt,8,False,pyqubo,10000,35,18,3,9,2,1.5555555555555556,False,7,0.65625,7.0,majority_vote,1.6924890750698418,2314.0,17602.0,2445556.0,20.0,21.0,10956.0,203.0,2434600.0,9503.0,,,,0.0
349,ft04.txt,12,False,pyqubo,10000,0,0,4,16,3,1.75,False,7,2.2432,,majority_vote,2.0492077191055245,4178.0,64012.0,2455592.0,20.0,21.0,11191.0,204.0,2444400.0,48138.0,,,,0.0
350,ft04.txt,11,False,pyqubo,10000,0,0,4,16,3,1.75,False,7,2.112,,majority_vote,1.8613377934297688,6571.0,57947.0,2455565.0,20.0,21.0,11165.0,204.0,2444400.0,38077.0,,,,0.0
351,ft04.txt,13,False,pyqubo,10000,0,0,4,16,3,1.75,False,7,3.0865279999999995,,majority_vote,2.2156785078165107,3849.0,84631.0,2455630.0,20.0,21.0,11230.0,204.0,2444400.0,51510.0,,,,0.0
352,ft04.txt,11,False,pyqubo,10000,0,0,4,16,3,1.75,False,7,2.176,,majority_vote,1.8613377934297688,6417.0,40124.0,2455493.0,20.0,21.0,11093.0,204.0,2444400.0,26586.0,,,,0.0
353,ft04.txt,13,False,pyqubo,10000,0,0,4,16,3,1.75,False,7,2.240639999999999,,majority_vote,2.2156785078165107,4297.0,83348.0,2455642.0,20.0,21.0,11242.0,204.0,2444400.0,59084.0,,,,0.0
